month,category_code,category_name,reports
2026-04,impersonate_police,แอบอ้างเป็นตำรวจ/DSI,189
2026-04,impersonate_bank,แอบอ้างเป็นเจ้าหน้าที่ธนาคาร,90
2026-04,parcel,พัสดุผิดกฎหมาย/ค้างส่ง,80
2026-04,investment,ชวนลงทุนผลตอบแทนสูง,50
2026-04,loan,เงินกู้ออนไลน์,39
2026-04,refund,คืนเงิน/ภาษี/ค่าไฟ,46
2026-04,voice_clone,ใช้เสียงสังเคราะห์เลียนแบบคนรู้จัก,49
2026-04,other,อื่น ๆ,49
2026-05,impersonate_police,แอบอ้างเป็นตำรวจ/DSI,173
2026-05,impersonate_bank,แอบอ้างเป็นเจ้าหน้าที่ธนาคาร,127
2026-05,parcel,พัสดุผิดกฎหมาย/ค้างส่ง,84
2026-05,investment,ชวนลงทุนผลตอบแทนสูง,59
2026-05,loan,เงินกู้ออนไลน์,50
2026-05,refund,คืนเงิน/ภาษี/ค่าไฟ,70
2026-05,voice_clone,ใช้เสียงสังเคราะห์เลียนแบบคนรู้จัก,70
2026-05,other,อื่น ๆ,51
2026-06,impersonate_police,แอบอ้างเป็นตำรวจ/DSI,183
2026-06,impersonate_bank,แอบอ้างเป็นเจ้าหน้าที่ธนาคาร,132
2026-06,parcel,พัสดุผิดกฎหมาย/ค้างส่ง,95
2026-06,investment,ชวนลงทุนผลตอบแทนสูง,77
2026-06,loan,เงินกู้ออนไลน์,55
2026-06,refund,คืนเงิน/ภาษี/ค่าไฟ,35
2026-06,voice_clone,ใช้เสียงสังเคราะห์เลียนแบบคนรู้จัก,68
2026-06,other,อื่น ๆ,62
2026-07,impersonate_police,แอบอ้างเป็นตำรวจ/DSI,174
2026-07,impersonate_bank,แอบอ้างเป็นเจ้าหน้าที่ธนาคาร,140
2026-07,parcel,พัสดุผิดกฎหมาย/ค้างส่ง,158
2026-07,investment,ชวนลงทุนผลตอบแทนสูง,112
2026-07,loan,เงินกู้ออนไลน์,68
2026-07,refund,คืนเงิน/ภาษี/ค่าไฟ,62
2026-07,voice_clone,ใช้เสียงสังเคราะห์เลียนแบบคนรู้จัก,123
2026-07,other,อื่น ๆ,84
2026-08,impersonate_police,แอบอ้างเป็นตำรวจ/DSI,174
2026-08,impersonate_bank,แอบอ้างเป็นเจ้าหน้าที่ธนาคาร,181
2026-08,parcel,พัสดุผิดกฎหมาย/ค้างส่ง,137
2026-08,investment,ชวนลงทุนผลตอบแทนสูง,121
2026-08,loan,เงินกู้ออนไลน์,56
2026-08,refund,คืนเงิน/ภาษี/ค่าไฟ,51
2026-08,voice_clone,ใช้เสียงสังเคราะห์เลียนแบบคนรู้จัก,166
2026-08,other,อื่น ๆ,90
2026-09,impersonate_police,แอบอ้างเป็นตำรวจ/DSI,210
2026-09,impersonate_bank,แอบอ้างเป็นเจ้าหน้าที่ธนาคาร,202
2026-09,parcel,พัสดุผิดกฎหมาย/ค้างส่ง,98
2026-09,investment,ชวนลงทุนผลตอบแทนสูง,131
2026-09,loan,เงินกู้ออนไลน์,61
2026-09,refund,คืนเงิน/ภาษี/ค่าไฟ,68
2026-09,voice_clone,ใช้เสียงสังเคราะห์เลียนแบบคนรู้จัก,252
2026-09,other,อื่น ๆ,92
