date,total,safe,suspect,high_risk,synthetic,number_check,audio,demo
2026-04-01,228,152,28,48,5,115,67,46
2026-04-02,224,161,34,29,6,119,69,36
2026-04-03,228,150,30,48,3,119,64,45
2026-04-04,188,143,14,31,1,101,51,36
2026-04-05,169,141,15,13,0,107,39,23
2026-04-06,215,135,37,43,2,116,71,28
2026-04-07,230,156,32,42,2,125,68,37
2026-04-08,226,154,30,42,2,120,66,40
2026-04-09,268,182,38,48,2,146,82,40
2026-04-10,233,145,41,47,2,114,75,44
2026-04-11,150,120,13,17,1,92,40,18
2026-04-12,156,123,13,20,2,87,40,29
2026-04-13,271,194,32,45,1,153,88,30
2026-04-14,247,173,26,48,6,126,76,45
2026-04-15,242,163,38,41,2,130,68,44
2026-04-16,254,183,28,43,2,142,71,41
2026-04-17,269,179,34,56,6,150,84,35
2026-04-18,165,133,17,15,1,91,45,29
2026-04-19,159,130,15,14,1,90,45,24
2026-04-20,242,169,20,53,5,135,71,36
2026-04-21,268,167,40,61,3,144,80,44
2026-04-22,262,183,32,47,5,131,91,40
2026-04-23,257,165,40,52,7,136,83,38
2026-04-24,268,182,40,46,5,143,95,30
2026-04-25,194,146,23,25,4,120,46,28
2026-04-26,186,149,19,18,2,96,71,19
2026-04-27,274,186,40,48,8,140,89,45
2026-04-28,282,190,35,57,2,143,89,50
2026-04-29,282,190,42,50,6,153,93,36
2026-04-30,264,169,31,64,9,147,84,33
2026-05-01,269,180,43,46,4,149,86,34
2026-05-02,202,144,25,33,1,115,61,26
2026-05-03,200,158,18,24,1,117,59,24
2026-05-04,278,179,38,61,6,161,75,42
2026-05-05,282,185,30,67,5,153,96,33
2026-05-06,263,164,38,61,5,137,88,38
2026-05-07,294,197,34,63,6,158,95,41
2026-05-08,307,205,40,62,5,169,103,35
2026-05-09,228,179,22,27,5,122,77,29
2026-05-10,213,158,24,31,2,129,56,28
2026-05-11,289,193,48,48,6,155,98,36
2026-05-12,289,187,30,72,5,146,105,38
2026-05-13,298,191,38,69,6,161,92,45
2026-05-14,283,192,35,56,6,154,99,30
2026-05-15,325,207,40,78,9,171,114,40
2026-05-16,193,156,26,11,2,107,55,31
2026-05-17,230,188,18,24,4,119,85,26
2026-05-18,299,186,44,69,5,156,102,41
2026-05-19,320,209,41,70,4,182,97,41
2026-05-20,286,179,47,60,6,143,93,50
2026-05-21,324,205,48,71,8,194,91,39
2026-05-22,308,186,60,62,9,185,82,41
2026-05-23,230,178,20,32,3,130,79,21
2026-05-24,221,172,21,28,4,118,80,23
2026-05-25,335,217,51,67,4,194,101,40
2026-05-26,348,213,60,75,5,197,109,42
2026-05-27,288,173,45,70,10,153,92,43
2026-05-28,349,231,30,88,13,193,111,45
2026-05-29,348,220,45,83,7,176,123,49
2026-05-30,225,175,20,30,4,129,59,37
2026-05-31,236,180,23,33,5,132,79,25
2026-06-01,354,230,46,78,13,192,116,46
2026-06-02,340,220,40,80,13,187,114,39
2026-06-03,324,203,43,78,12,176,107,41
2026-06-04,317,191,40,86,10,179,106,32
2026-06-05,357,239,40,78,8,205,122,30
2026-06-06,246,194,22,30,1,141,77,28
2026-06-07,258,207,23,28,4,144,84,30
2026-06-08,340,221,46,73,8,188,121,31
2026-06-09,330,216,44,70,9,194,102,34
2026-06-10,353,228,47,78,8,191,120,42
2026-06-11,316,216,33,67,10,164,110,42
2026-06-12,376,229,57,90,10,210,118,48
2026-06-13,218,165,23,30,2,127,64,27
2026-06-14,235,188,23,24,4,131,85,19
2026-06-15,352,232,42,78,14,184,125,43
2026-06-16,354,225,41,88,14,203,103,48
2026-06-17,371,236,56,79,10,223,122,26
2026-06-18,350,250,40,60,7,187,125,38
2026-06-19,387,251,51,85,11,223,121,43
2026-06-20,270,201,27,42,6,156,91,23
2026-06-21,260,208,24,28,6,159,80,21
2026-06-22,363,238,36,89,16,220,102,41
2026-06-23,373,239,43,91,15,208,130,35
2026-06-24,351,236,36,79,14,200,112,39
2026-06-25,390,251,44,95,12,223,130,37
2026-06-26,369,227,49,93,9,224,123,22
2026-06-27,251,191,20,40,3,149,73,29
2026-06-28,232,178,19,35,1,133,79,20
2026-06-29,337,218,49,70,11,178,117,42
2026-06-30,403,253,56,94,9,230,131,42
2026-07-01,371,242,47,82,13,197,143,31
2026-07-02,404,241,39,124,13,212,148,44
2026-07-03,369,249,32,88,6,216,114,39
2026-07-04,279,212,24,43,10,158,101,20
2026-07-05,302,228,28,46,12,171,108,23
2026-07-06,359,237,38,84,12,202,125,32
2026-07-07,391,243,38,110,20,231,132,28
2026-07-08,366,236,42,88,10,209,118,39
2026-07-09,383,238,49,96,10,218,128,37
2026-07-10,420,251,71,98,15,234,151,35
2026-07-11,300,230,24,46,3,175,89,36
2026-07-12,323,259,18,46,6,184,122,17
2026-07-13,414,245,56,113,18,227,147,40
2026-07-14,515,331,53,131,21,296,174,45
2026-07-15,539,326,67,146,12,308,185,46
2026-07-16,492,292,75,125,20,279,155,58
2026-07-17,520,294,78,148,23,302,172,46
2026-07-18,425,315,37,73,19,240,144,41
2026-07-19,401,300,37,64,10,220,146,35
2026-07-20,606,372,94,140,15,361,197,48
2026-07-21,608,382,69,157,29,357,201,50
2026-07-22,510,316,75,119,21,286,179,45
2026-07-23,515,322,41,152,23,305,181,29
2026-07-24,504,308,52,144,23,275,169,60
2026-07-25,354,279,27,48,10,207,122,25
2026-07-26,358,275,31,52,11,198,136,24
2026-07-27,475,283,68,124,26,254,177,44
2026-07-28,407,248,48,111,15,238,136,33
2026-07-29,400,259,43,98,14,219,147,34
2026-07-30,470,283,56,131,20,275,157,38
2026-07-31,396,249,41,106,15,217,149,30
2026-08-01,324,248,20,56,7,198,106,20
2026-08-02,312,219,30,63,10,164,119,29
2026-08-03,433,254,64,115,27,224,164,45
2026-08-04,391,236,50,105,15,209,146,36
2026-08-05,416,250,46,120,20,239,145,32
2026-08-06,389,239,46,104,17,197,153,39
2026-08-07,447,288,55,104,18,237,182,28
2026-08-08,316,234,19,63,13,184,109,23
2026-08-09,303,243,17,43,6,180,92,31
2026-08-10,433,258,57,118,22,244,153,36
2026-08-11,498,299,61,138,23,288,174,36
2026-08-12,420,265,41,114,22,237,154,29
2026-08-13,494,302,67,125,22,274,191,29
2026-08-14,441,249,68,124,17,221,181,39
2026-08-15,358,271,18,69,12,195,131,32
2026-08-16,354,276,25,53,4,199,129,26
2026-08-17,418,266,39,113,18,229,166,23
2026-08-18,481,298,47,136,25,264,185,32
2026-08-19,479,296,57,126,16,275,170,34
2026-08-20,487,285,53,149,22,263,186,38
2026-08-21,452,276,50,126,21,272,148,32
2026-08-22,348,258,34,56,10,200,130,18
2026-08-23,352,269,21,62,16,197,133,22
2026-08-24,541,319,69,153,25,326,181,34
2026-08-25,518,310,71,137,21,303,181,34
2026-08-26,520,318,40,162,32,305,190,25
2026-08-27,484,308,49,127,17,293,160,31
2026-08-28,575,335,69,171,28,322,222,31
2026-08-29,444,326,40,78,11,246,171,27
2026-08-30,451,330,41,80,13,251,171,29
2026-08-31,581,347,68,166,35,322,214,45
2026-09-01,644,392,68,184,43,369,231,44
2026-09-02,660,387,69,204,43,402,221,37
2026-09-03,723,454,92,177,41,423,262,38
2026-09-04,639,391,68,180,37,379,226,34
2026-09-05,550,433,40,77,14,302,211,37
2026-09-06,487,345,48,94,25,290,170,27
2026-09-07,575,341,61,173,39,331,216,28
2026-09-08,599,347,51,201,47,340,218,41
2026-09-09,556,333,52,171,44,299,217,40
2026-09-10,583,320,76,187,50,328,213,42
2026-09-11,525,310,61,154,40,307,190,28
2026-09-12,432,321,39,72,25,241,168,23
2026-09-13,380,295,24,61,11,223,142,15
2026-09-14,569,337,73,159,42,325,203,41
2026-09-15,599,340,59,200,34,360,217,22
2026-09-16,488,279,65,144,40,285,181,22
2026-09-17,556,337,57,162,35,322,204,30
2026-09-18,510,304,58,148,30,304,177,29
2026-09-19,383,300,21,62,18,240,131,12
2026-09-20,396,285,27,84,21,226,147,23
2026-09-21,605,356,62,187,40,347,240,18
2026-09-22,516,314,57,145,26,315,178,23
2026-09-23,575,333,55,187,50,334,223,18
2026-09-24,639,357,78,204,51,372,242,25
2026-09-25,531,309,63,159,33,321,191,19
2026-09-26,438,329,24,85,26,239,179,20
2026-09-27,389,299,22,68,11,238,135,16
2026-09-28,595,339,64,192,34,364,211,20
2026-09-29,496,292,44,160,47,283,190,23
2026-09-30,612,350,71,191,45,371,222,19
