weekday,hour,high_risk_calls
0,0,9
0,1,4
0,2,4
0,3,9
0,4,4
0,5,5
0,6,13
0,7,54
0,8,132
0,9,263
0,10,344
0,11,300
0,12,135
0,13,266
0,14,307
0,15,277
0,16,202
0,17,112
0,18,68
0,19,57
0,20,39
0,21,24
0,22,20
0,23,11
1,0,9
1,1,4
1,2,6
1,3,1
1,4,7
1,5,8
1,6,18
1,7,57
1,8,123
1,9,271
1,10,351
1,11,307
1,12,143
1,13,286
1,14,320
1,15,273
1,16,213
1,17,140
1,18,95
1,19,75
1,20,51
1,21,37
1,22,23
1,23,12
2,0,9
2,1,4
2,2,5
2,3,3
2,4,2
2,5,10
2,6,26
2,7,46
2,8,123
2,9,278
2,10,322
2,11,295
2,12,149
2,13,297
2,14,306
2,15,285
2,16,223
2,17,118
2,18,66
2,19,67
2,20,45
2,21,39
2,22,23
2,23,13
3,0,11
3,1,5
3,2,5
3,3,8
3,4,6
3,5,10
3,6,12
3,7,46
3,8,128
3,9,249
3,10,313
3,11,326
3,12,181
3,13,245
3,14,270
3,15,269
3,16,210
3,17,127
3,18,83
3,19,62
3,20,47
3,21,38
3,22,23
3,23,11
4,0,7
4,1,4
4,2,6
4,3,4
4,4,5
4,5,10
4,6,18
4,7,52
4,8,142
4,9,254
4,10,292
4,11,300
4,12,158
4,13,245
4,14,300
4,15,272
4,16,209
4,17,104
4,18,82
4,19,58
4,20,38
4,21,33
4,22,23
4,23,8
5,0,0
5,1,0
5,2,1
5,3,2
5,4,2
5,5,3
5,6,7
5,7,34
5,8,51
5,9,98
5,10,149
5,11,130
5,12,80
5,13,122
5,14,138
5,15,134
5,16,74
5,17,49
5,18,47
5,19,31
5,20,20
5,21,13
5,22,5
5,23,1
6,0,3
6,1,3
6,2,0
6,3,3
6,4,0
6,5,1
6,6,9
6,7,19
6,8,62
6,9,123
6,10,128
6,11,104
6,12,66
6,13,114
6,14,128
6,15,120
6,16,87
6,17,52
6,18,44
6,19,25
6,20,22
6,21,14
6,22,2
6,23,7
