rank,pct_numbers,cum_pct_calls
1,0.06,1.97
17,0.98,17.61
34,1.97,25.38
51,2.95,30.55
68,3.94,34.42
85,4.92,37.75
102,5.91,40.64
119,6.89,43.2
136,7.88,45.49
153,8.86,47.58
170,9.85,49.53
187,10.83,51.38
204,11.82,53.14
221,12.8,54.77
238,13.79,56.31
255,14.77,57.76
272,15.76,59.1
289,16.74,60.38
306,17.73,61.64
323,18.71,62.82
340,19.7,64.0
357,20.68,65.11
374,21.67,66.18
391,22.65,67.25
408,23.64,68.23
425,24.62,69.19
442,25.61,70.16
459,26.59,71.05
476,27.58,71.91
493,28.56,72.76
510,29.55,73.62
527,30.53,74.37
544,31.52,75.12
561,32.5,75.87
578,33.49,76.62
595,34.47,77.37
612,35.46,78.02
629,36.44,78.66
646,37.43,79.31
663,38.41,79.95
680,39.4,80.59
697,40.38,81.23
714,41.37,81.88
731,42.35,82.52
748,43.34,83.07
765,44.32,83.6
782,45.31,84.14
799,46.29,84.67
816,47.28,85.21
833,48.26,85.74
850,49.25,86.28
867,50.23,86.81
884,51.22,87.27
901,52.2,87.7
918,53.19,88.13
935,54.17,88.56
952,55.16,88.99
969,56.14,89.41
986,57.13,89.84
1003,58.11,90.27
1020,59.1,90.7
1037,60.08,91.13
1054,61.07,91.55
1071,62.05,91.88
1088,63.04,92.2
1105,64.02,92.52
1122,65.01,92.85
1139,65.99,93.17
1156,66.98,93.49
1173,67.96,93.81
1190,68.95,94.13
1207,69.93,94.45
1224,70.92,94.77
1241,71.9,95.09
1258,72.89,95.42
1275,73.87,95.67
1292,74.86,95.89
1309,75.84,96.1
1326,76.83,96.32
1343,77.81,96.53
1360,78.79,96.74
1377,79.78,96.96
1394,80.76,97.17
1411,81.75,97.39
1428,82.73,97.6
1445,83.72,97.81
1462,84.7,98.03
1479,85.69,98.24
1496,86.67,98.46
1513,87.66,98.66
1530,88.64,98.77
1547,89.63,98.87
1564,90.61,98.98
1581,91.6,99.09
1598,92.58,99.19
1615,93.57,99.3
1632,94.55,99.41
1649,95.54,99.52
1666,96.52,99.62
1683,97.51,99.73
1700,98.49,99.84
1717,99.48,99.94
1726,100.0,100.0
