phone_masked,high_risk_calls,report_count,risk_score,main_category,first_seen,active_days
087-xxx-4286,313,19,99,ใช้เสียงสังเคราะห์เลียนแบบคนรู้จัก,2026-09-09,22
089-xxx-3471,280,13,99,ใช้เสียงสังเคราะห์เลียนแบบคนรู้จัก,2026-08-31,31
086-xxx-5968,276,17,99,ชวนลงทุนผลตอบแทนสูง,2026-08-23,35
061-xxx-5120,212,10,98,ใช้เสียงสังเคราะห์เลียนแบบคนรู้จัก,2026-08-12,31
082-xxx-1539,211,13,95,เงินกู้ออนไลน์,2026-09-06,25
096-xxx-2639,184,12,97,ชวนลงทุนผลตอบแทนสูง,2026-05-09,42
089-xxx-3306,157,13,99,คืนเงิน/ภาษี/ค่าไฟ,2026-07-13,40
091-xxx-5336,146,14,99,แอบอ้างเป็นตำรวจ/DSI,2026-05-22,32
096-xxx-7260,136,12,99,คืนเงิน/ภาษี/ค่าไฟ,2026-04-01,21
096-xxx-5608,135,6,99,แอบอ้างเป็นเจ้าหน้าที่ธนาคาร,2026-08-21,16
