id,user_id,name,phone_number,created_at,updated_at
e436f9b2-1289-4828-b960-6b20ea8cdda5,1c9b4737-176c-445e-859d-330a859b0f5e,ลูกสาว,0965740113,2026-03-22T16:00:00+07:00,2026-03-22T16:00:00+07:00
a2bf75a7-eac8-4e3d-88ed-b187ab4caa34,61345fcc-db36-431c-b4cb-70b3963078a8,ลูกชาย,0859325166,2026-06-15T14:00:00+07:00,2026-06-15T14:00:00+07:00
14a38cb5-c85b-4c24-9829-43dd34c2fc40,461e2ef5-600f-436b-8b20-ff6b5e1c1561,หัวหน้างาน,0883645136,2026-05-16T14:00:00+07:00,2026-05-16T14:00:00+07:00
4107522b-c782-48be-8265-d9ab02cb4230,fcd40acc-4f8f-45c8-82df-e9d0f8206796,ลูกสาว,0859430122,2026-04-16T10:00:00+07:00,2026-04-16T10:00:00+07:00
8da4a32d-a51c-4691-b997-bc69eb334a6c,2c00434b-be5e-45ee-8122-ed4c038e59ae,คุณพ่อ,0687886338,2026-06-15T11:00:00+07:00,2026-06-15T11:00:00+07:00
f7f159c8-dadc-4b9c-8955-bcf40f715997,2c00434b-be5e-45ee-8122-ed4c038e59ae,คุณพ่อ,1441,2026-06-15T11:00:00+07:00,2026-06-15T11:00:00+07:00
2a800345-3329-47b5-8a63-b07bd0684b0e,4227322f-3efc-4249-9c82-bbd652717878,สายด่วน 1441,0963960774,2026-05-31T17:00:00+07:00,2026-05-31T17:00:00+07:00
68f232b0-b597-4e02-b8c6-b72eaa6c6fc7,c337fe45-7f56-472a-8155-a61796ad3a76,คุณแม่,0941136146,2026-08-09T10:00:00+07:00,2026-08-09T10:00:00+07:00
05860f56-61dd-4742-b0b0-32f02023b987,ec2e17a2-948e-44b3-915f-caa14df50aa9,คุณพ่อ,0655078341,2026-03-12T17:00:00+07:00,2026-03-12T17:00:00+07:00
27f47456-c010-460d-a415-f0af2ab77db5,46d4a03e-c262-49ec-8695-987a04d7dc4b,ลูกสาว,0965906214,2026-05-01T10:00:00+07:00,2026-05-01T10:00:00+07:00
b06dc9e5-ec11-46a1-9b1f-7d1c542f4285,73832518-b9b2-4f5a-bff7-cd820a5da9c8,คุณแม่,0944313361,2026-04-01T13:00:00+07:00,2026-04-01T13:00:00+07:00
baf87a32-7a9b-4be8-8075-1d7f08925980,73832518-b9b2-4f5a-bff7-cd820a5da9c8,หัวหน้างาน,1441,2026-04-01T13:00:00+07:00,2026-04-01T13:00:00+07:00
e559a993-6b8c-4254-96e8-2b14ba3ca371,f1eb7eeb-a8ef-4cb0-a886-09d74d3af598,คุณพ่อ,0645393971,2026-05-01T13:00:00+07:00,2026-05-01T13:00:00+07:00
1d37091e-c009-4b26-a48b-358b9038e62c,506eaccd-4997-418d-8a64-a67ed9a58eaa,หัวหน้างาน,0953080048,2026-05-31T10:00:00+07:00,2026-05-31T10:00:00+07:00
8ca91b73-c1ac-4b60-acdd-1043ac4cd3e5,a12b0378-6739-4162-9eba-0b93ccfdfff0,หัวหน้างาน,0964182916,2026-06-30T17:00:00+07:00,2026-06-30T17:00:00+07:00
fcb643af-9ce2-410b-862e-88cecc76828a,1427b036-c60b-4c81-a3c6-d573dda80136,ลูกชาย,0946566952,2026-06-15T12:00:00+07:00,2026-06-15T12:00:00+07:00
1a5cc17a-98d7-4568-b103-daded1c8bd37,52e73b62-4559-490f-bc2e-7ada5e1bb367,คุณแม่,0847479972,2026-06-15T14:00:00+07:00,2026-06-15T14:00:00+07:00
112f1388-18ea-4fe8-abbd-9db20db01b3b,edb26a70-31be-4abe-8303-15f94d51175b,หัวหน้างาน,0839547473,2026-04-01T08:00:00+07:00,2026-04-01T08:00:00+07:00
28ea2980-b405-4122-a671-3d4bc170d85c,ba952af1-6fd5-49fe-ba55-bdc465f95ca2,หัวหน้างาน,0625259277,2026-05-01T09:00:00+07:00,2026-05-01T09:00:00+07:00
1125b74f-5b58-47ef-9081-b533f177980c,b405bb76-c190-4857-97dd-8ee547b0c179,คุณแม่,0618138657,2026-06-15T14:00:00+07:00,2026-06-15T14:00:00+07:00
6a8c87b3-45d0-4c75-9f1c-c55a2ab239a7,88be6602-74af-4f89-b7fa-596e620aa8e4,สายด่วน 1441,0631556632,2026-04-16T16:00:00+07:00,2026-04-16T16:00:00+07:00
06db69bb-cd6e-4809-92ad-9ecafd3cf5f3,88be6602-74af-4f89-b7fa-596e620aa8e4,คุณแม่,1441,2026-04-16T16:00:00+07:00,2026-04-16T16:00:00+07:00
3f3c4f57-78fc-48c3-bbf4-e6fb44a0b730,10d05c09-bdb2-4253-8e44-856ad5336f34,ลูกชาย,0641816144,2026-03-12T17:00:00+07:00,2026-03-12T17:00:00+07:00
65876b74-ab2b-4e2b-8c64-857930725f39,10d05c09-bdb2-4253-8e44-856ad5336f34,สายด่วน 1441,1441,2026-03-12T17:00:00+07:00,2026-03-12T17:00:00+07:00
ddf8dfed-c937-4eb0-91a5-08be96e9f9ab,49ee8f81-45d9-4cdc-83e5-abf8f1539d56,ลูกชาย,0825481491,2026-05-31T15:00:00+07:00,2026-05-31T15:00:00+07:00
f7c2d5e0-07c9-4143-93b8-6a333b326e8e,66637ead-7b55-4701-918c-347f1ff9573c,สายด่วน 1441,0622869188,2026-08-09T11:00:00+07:00,2026-08-09T11:00:00+07:00
68778d33-f603-4005-a326-e737fb55a573,3d6b328b-442b-40b7-8f09-18653f0b20a1,ลูกชาย,0826796785,2026-06-30T15:00:00+07:00,2026-06-30T15:00:00+07:00
a361f3ac-1b50-4099-9d03-db9f9f852933,3d6b328b-442b-40b7-8f09-18653f0b20a1,หัวหน้างาน,1441,2026-06-30T15:00:00+07:00,2026-06-30T15:00:00+07:00
ae2b3e66-5db9-4702-afb9-fee17a4e7625,4e963959-ad07-4420-808c-448702cb5eec,คุณพ่อ,0829844964,2026-08-09T14:00:00+07:00,2026-08-09T14:00:00+07:00
20ad72d9-b7af-41e8-8e77-f9a912dd43b1,4e963959-ad07-4420-808c-448702cb5eec,ลูกสาว,1441,2026-08-09T14:00:00+07:00,2026-08-09T14:00:00+07:00
143ac9bb-28d0-46cd-99be-260573d4bd01,7fd4dcb0-dc6b-4e20-86e0-79dc05bf63ce,หัวหน้างาน,0837090720,2026-03-12T11:00:00+07:00,2026-03-12T11:00:00+07:00
78f5367e-40c8-4d0a-bd48-b69f1e16d18e,f07af7a6-e284-4594-bf88-9240894b8c96,ลูกชาย,0855343384,2026-04-16T12:00:00+07:00,2026-04-16T12:00:00+07:00
555ee64b-c46b-43da-9390-183ca2af5028,1b920a71-baaf-4adc-94e8-cd83874a8d54,ลูกชาย,0957763191,2026-04-16T09:00:00+07:00,2026-04-16T09:00:00+07:00
52e3a467-a33d-4008-9217-c0e89207e105,385d7299-b7a7-4793-a42a-5185f3adf474,ลูกสาว,0644305935,2026-06-30T09:00:00+07:00,2026-06-30T09:00:00+07:00
6b624246-f144-42b0-af02-914544bc9d60,1b18c38d-637d-4ecd-a2a1-77ed14d655bb,สายด่วน 1441,0618180508,2026-05-31T12:00:00+07:00,2026-05-31T12:00:00+07:00
